<?xml version="1.0" standalone="yes"?>
<DocumentElement>
  <Asset>
    <Name>Device</Name>
    <Value>Siax M8 [65]</Value>
  </Asset>
  <Asset>
    <Name>Serial Number</Name>
    <Value>SN2205520</Value>
  </Asset>
  <Asset>
    <Name>Firmware Version</Name>
    <Value>DM32_0004 - Ver. 2.09.008 - Jul 24 2023  16:20:58 - C2</Value>
  </Asset>
  <Asset>
    <Name>COD_AL_PLC</Name>
    <Value>1</Value>
  </Asset>
  <Asset>
    <Name>COD_ETHERCAT</Name>
    <Value>1</Value>
  </Asset>
  <Asset>
    <Name>COD_US_PER_TICK</Name>
    <Value>2000</Value>
  </Asset>
  <Asset>
    <Name>COD_NUM_CHN</Name>
    <Value>8</Value>
  </Asset>
  <Asset>
    <Name>COD_AO_EXP02</Name>
    <Value>4</Value>
  </Asset>
  <Asset>
    <Name>COD_E_EXP02</Name>
    <Value>4</Value>
  </Asset>
  <Asset>
    <Name>COD_ECAT_ANY_DEV</Name>
    <Value>1</Value>
  </Asset>
  <Asset>
    <Name>COD_ECAT_BALLUFF</Name>
    <Value>1</Value>
  </Asset>
  <Asset>
    <Name>COD_AX_VIRT</Name>
    <Value>2</Value>
  </Asset>
  <Asset>
    <Name>COD_GRP_INTP</Name>
    <Value>2</Value>
  </Asset>
  <Asset>
    <Name>Unknown</Name>
    <Value>32</Value>
  </Asset>
  <Asset>
    <Name>COD_AX_STD</Name>
    <Value>32</Value>
  </Asset>
  <Asset>
    <Name>COD_AX_COP</Name>
    <Value>32</Value>
  </Asset>
  <Asset>
    <Name>COD_E_COPAX</Name>
    <Value>32</Value>
  </Asset>
  <Asset>
    <Name>COD_AX_STEP</Name>
    <Value>32</Value>
  </Asset>
  <Asset>
    <Name>COD_E_STP_EXP02</Name>
    <Value>32</Value>
  </Asset>
  <Asset>
    <Name>COD_AX_ETHERCAT</Name>
    <Value>32</Value>
  </Asset>
  <Asset>
    <Name>COD_FUN_LASER_PWM</Name>
    <Value>0</Value>
  </Asset>
  <Asset>
    <Name>COD_FUN_CAM_DIG</Name>
    <Value>1</Value>
  </Asset>
  <Asset>
    <Name>COD_FUN_BATTENTE</Name>
    <Value>1</Value>
  </Asset>
  <Asset>
    <Name>COD_FUN_PALLET</Name>
    <Value>1</Value>
  </Asset>
  <Asset>
    <Name>COD_FUN_TELEC01</Name>
    <Value>0</Value>
  </Asset>
  <Asset>
    <Name>COD_FUN_TELEC02</Name>
    <Value>0</Value>
  </Asset>
  <Asset>
    <Name>COD_FUN_TELEC03</Name>
    <Value>0</Value>
  </Asset>
  <Asset>
    <Name>COD_FUN_AX_CORR</Name>
    <Value>0</Value>
  </Asset>
  <Asset>
    <Name>COD_FUN_OPTIMIZER</Name>
    <Value>0</Value>
  </Asset>
</DocumentElement>