<?xml version='1.0' encoding='UTF-8' standalone='yes' ?>
<Ricetta descrizione="" numero="1" pcx="0.1" pcy="150.0" UdfVelLavRPM="4000" UdfPuntiVelIni="0.003000000026077032" UdfVelIniRPM="300" UdfPuntiVelRall="0.003000000026077032" UdfVelRallRPM="300" Udf_FeedG0="40000" Udf_ValTensioneT1="10" Udf_20="0" Udf_ValElettrocalamitaSopra="50" Udf_ValElettrocalamitaSotto="50" Udf_VelocitaCaricLavoro="80000" Udf_24="0" Udf_25="0" Udf_26="0" Udf_27="0" Udf_28="0" Udf_29="0" Udf_30="0" Udf_SequenzaPiegatore_chiusura="1230" Udf_SequenzaPiegatore_apetura="321">
  <Feed x-start="0.1" y-start="150.0" x-end="43.75" y-end="126.3" entity="7a7395d8-0562-42c3-af5a-b6fb06de48f3" bt1-steps="0" bt1-passes="0" bt2-steps="0" bt2-passes="0">
    <Step x="43.75" y="126.3" bt="0" />
  </Feed>
  <Line x-start="43.75" y-start="126.3" x-end="280.05" y-end="126.3" entity="d57d8282-34e2-487a-b44b-af375f9fece5" bt1-steps="0" bt1-passes="0" bt2-steps="0" bt2-passes="0" passo="3.0">
    <Step x="43.75" y="126.3" bt="0" />
    <Step x="46.74114" y="126.3" bt="0" />
    <Step x="49.732277" y="126.3" bt="0" />
    <Step x="52.72342" y="126.3" bt="0" />
    <Step x="55.714558" y="126.3" bt="0" />
    <Step x="58.705696" y="126.3" bt="0" />
    <Step x="61.696835" y="126.3" bt="0" />
    <Step x="64.68797" y="126.3" bt="0" />
    <Step x="67.679115" y="126.3" bt="0" />
    <Step x="70.67025" y="126.3" bt="0" />
    <Step x="73.66139" y="126.3" bt="0" />
    <Step x="76.65253" y="126.3" bt="0" />
    <Step x="79.64367" y="126.3" bt="0" />
    <Step x="82.63481" y="126.3" bt="0" />
    <Step x="85.625946" y="126.3" bt="0" />
    <Step x="88.61709" y="126.3" bt="0" />
    <Step x="91.60823" y="126.3" bt="0" />
    <Step x="94.599365" y="126.3" bt="0" />
    <Step x="97.5905" y="126.3" bt="0" />
    <Step x="100.58165" y="126.3" bt="0" />
    <Step x="103.572784" y="126.3" bt="0" />
    <Step x="106.56392" y="126.3" bt="0" />
    <Step x="109.55506" y="126.3" bt="0" />
    <Step x="112.5462" y="126.3" bt="0" />
    <Step x="115.53734" y="126.3" bt="0" />
    <Step x="118.52848" y="126.3" bt="0" />
    <Step x="121.519615" y="126.3" bt="0" />
    <Step x="124.51076" y="126.3" bt="0" />
    <Step x="127.5019" y="126.3" bt="0" />
    <Step x="130.49304" y="126.3" bt="0" />
    <Step x="133.48418" y="126.3" bt="0" />
    <Step x="136.47531" y="126.3" bt="0" />
    <Step x="139.46646" y="126.3" bt="0" />
    <Step x="142.4576" y="126.3" bt="0" />
    <Step x="145.44873" y="126.3" bt="0" />
    <Step x="148.43988" y="126.3" bt="0" />
    <Step x="151.431" y="126.3" bt="0" />
    <Step x="154.42215" y="126.3" bt="0" />
    <Step x="157.4133" y="126.3" bt="0" />
    <Step x="160.40442" y="126.3" bt="0" />
    <Step x="163.39557" y="126.3" bt="0" />
    <Step x="166.3867" y="126.3" bt="0" />
    <Step x="169.37784" y="126.3" bt="0" />
    <Step x="172.36899" y="126.3" bt="0" />
    <Step x="175.36012" y="126.3" bt="0" />
    <Step x="178.35126" y="126.3" bt="0" />
    <Step x="181.3424" y="126.3" bt="0" />
    <Step x="184.33354" y="126.3" bt="0" />
    <Step x="187.32468" y="126.3" bt="0" />
    <Step x="190.31583" y="126.3" bt="0" />
    <Step x="193.30696" y="126.3" bt="0" />
    <Step x="196.2981" y="126.3" bt="0" />
    <Step x="199.28923" y="126.3" bt="0" />
    <Step x="202.28038" y="126.3" bt="0" />
    <Step x="205.27151" y="126.3" bt="0" />
    <Step x="208.26265" y="126.3" bt="0" />
    <Step x="211.2538" y="126.3" bt="0" />
    <Step x="214.24495" y="126.3" bt="0" />
    <Step x="217.23607" y="126.3" bt="0" />
    <Step x="220.22723" y="126.3" bt="0" />
    <Step x="223.21835" y="126.3" bt="0" />
    <Step x="226.2095" y="126.3" bt="0" />
    <Step x="229.20062" y="126.3" bt="0" />
    <Step x="232.19176" y="126.3" bt="0" />
    <Step x="235.1829" y="126.3" bt="0" />
    <Step x="238.17403" y="126.3" bt="0" />
    <Step x="241.16519" y="126.3" bt="0" />
    <Step x="244.15633" y="126.3" bt="0" />
    <Step x="247.14746" y="126.3" bt="0" />
    <Step x="250.1386" y="126.3" bt="0" />
    <Step x="253.12975" y="126.3" bt="0" />
    <Step x="256.12088" y="126.3" bt="0" />
    <Step x="259.112" y="126.3" bt="0" />
    <Step x="262.10315" y="126.3" bt="0" />
    <Step x="265.0943" y="126.3" bt="0" />
    <Step x="268.08545" y="126.3" bt="0" />
    <Step x="271.0766" y="126.3" bt="0" />
    <Step x="274.06772" y="126.3" bt="0" />
    <Step x="277.05884" y="126.3" bt="0" />
    <Step x="280.05" y="126.3" bt="0" />
  </Line>
  <Feed x-start="280.05" y-start="126.3" x-end="1.8" y-end="126.3" entity="eb505bc3-a01a-4dd8-99c9-a5e271ab4696" bt1-steps="0" bt1-passes="0" bt2-steps="0" bt2-passes="0">
    <Step x="1.8" y="126.3" bt="0" />
  </Feed>
  <Feed x-start="1.8" y-start="126.3" x-end="44.95" y-end="133.4" entity="fab25501-ff08-439f-a424-b541fea2814f" bt1-steps="0" bt1-passes="0" bt2-steps="0" bt2-passes="0">
    <Step x="44.95" y="133.4" bt="0" />
  </Feed>
  <Line x-start="44.95" y-start="133.4" x-end="287.5" y-end="133.4" entity="c774802a-94d9-4610-b017-21d25146031f" bt1-steps="0" bt1-passes="0" bt2-steps="0" bt2-passes="0" passo="3.0">
    <Step x="44.95" y="133.4" bt="0" />
    <Step x="47.944447" y="133.4" bt="0" />
    <Step x="50.93889" y="133.4" bt="0" />
    <Step x="53.933334" y="133.4" bt="0" />
    <Step x="56.92778" y="133.4" bt="0" />
    <Step x="59.922222" y="133.4" bt="0" />
    <Step x="62.916668" y="133.4" bt="0" />
    <Step x="65.91111" y="133.4" bt="0" />
    <Step x="68.905556" y="133.4" bt="0" />
    <Step x="71.9" y="133.4" bt="0" />
    <Step x="74.89444" y="133.4" bt="0" />
    <Step x="77.888885" y="133.4" bt="0" />
    <Step x="80.88333" y="133.4" bt="0" />
    <Step x="83.87778" y="133.4" bt="0" />
    <Step x="86.87222" y="133.4" bt="0" />
    <Step x="89.86666" y="133.4" bt="0" />
    <Step x="92.861115" y="133.4" bt="0" />
    <Step x="95.85556" y="133.4" bt="0" />
    <Step x="98.85" y="133.4" bt="0" />
    <Step x="101.844444" y="133.4" bt="0" />
    <Step x="104.83888" y="133.4" bt="0" />
    <Step x="107.83333" y="133.4" bt="0" />
    <Step x="110.827774" y="133.4" bt="0" />
    <Step x="113.82222" y="133.4" bt="0" />
    <Step x="116.816666" y="133.4" bt="0" />
    <Step x="119.81111" y="133.4" bt="0" />
    <Step x="122.80556" y="133.4" bt="0" />
    <Step x="125.8" y="133.4" bt="0" />
    <Step x="128.79445" y="133.4" bt="0" />
    <Step x="131.7889" y="133.4" bt="0" />
    <Step x="134.78333" y="133.4" bt="0" />
    <Step x="137.77777" y="133.4" bt="0" />
    <Step x="140.77222" y="133.4" bt="0" />
    <Step x="143.76666" y="133.4" bt="0" />
    <Step x="146.76111" y="133.4" bt="0" />
    <Step x="149.75555" y="133.4" bt="0" />
    <Step x="152.75" y="133.4" bt="0" />
    <Step x="155.74445" y="133.4" bt="0" />
    <Step x="158.73889" y="133.4" bt="0" />
    <Step x="161.73334" y="133.4" bt="0" />
    <Step x="164.72777" y="133.4" bt="0" />
    <Step x="167.72223" y="133.4" bt="0" />
    <Step x="170.71666" y="133.4" bt="0" />
    <Step x="173.7111" y="133.4" bt="0" />
    <Step x="176.70555" y="133.4" bt="0" />
    <Step x="179.7" y="133.4" bt="0" />
    <Step x="182.69444" y="133.4" bt="0" />
    <Step x="185.68889" y="133.4" bt="0" />
    <Step x="188.68333" y="133.4" bt="0" />
    <Step x="191.67776" y="133.4" bt="0" />
    <Step x="194.67223" y="133.4" bt="0" />
    <Step x="197.66666" y="133.4" bt="0" />
    <Step x="200.6611" y="133.4" bt="0" />
    <Step x="203.65555" y="133.4" bt="0" />
    <Step x="206.65" y="133.4" bt="0" />
    <Step x="209.64444" y="133.4" bt="0" />
    <Step x="212.63889" y="133.4" bt="0" />
    <Step x="215.63333" y="133.4" bt="0" />
    <Step x="218.62778" y="133.4" bt="0" />
    <Step x="221.62222" y="133.4" bt="0" />
    <Step x="224.61664" y="133.4" bt="0" />
    <Step x="227.6111" y="133.4" bt="0" />
    <Step x="230.60555" y="133.4" bt="0" />
    <Step x="233.59999" y="133.4" bt="0" />
    <Step x="236.59444" y="133.4" bt="0" />
    <Step x="239.58888" y="133.4" bt="0" />
    <Step x="242.58333" y="133.4" bt="0" />
    <Step x="245.57777" y="133.4" bt="0" />
    <Step x="248.57222" y="133.4" bt="0" />
    <Step x="251.56667" y="133.4" bt="0" />
    <Step x="254.5611" y="133.4" bt="0" />
    <Step x="257.55554" y="133.4" bt="0" />
    <Step x="260.55" y="133.4" bt="0" />
    <Step x="263.54443" y="133.4" bt="0" />
    <Step x="266.53888" y="133.4" bt="0" />
    <Step x="269.53333" y="133.4" bt="0" />
    <Step x="272.52777" y="133.4" bt="0" />
    <Step x="275.52222" y="133.4" bt="0" />
    <Step x="278.51666" y="133.4" bt="0" />
    <Step x="281.5111" y="133.4" bt="0" />
    <Step x="284.50555" y="133.4" bt="0" />
    <Step x="287.5" y="133.4" bt="0" />
  </Line>
  <Line x-start="287.5" y-start="133.4" x-end="281.5" y-end="133.4" entity="727788f3-a583-4c27-845d-d02b2c854a01" bt1-steps="0" bt1-passes="0" bt2-steps="0" bt2-passes="0" passo="3.0">
    <Step x="287.5" y="133.4" bt="0" />
    <Step x="284.5" y="133.4" bt="0" />
    <Step x="281.5" y="133.4" bt="0" />
  </Line>
  <Feed x-start="281.5" y-start="133.4" x-end="1.8" y-end="133.4" entity="660c74bc-52fe-4f71-a44a-1de56bbe1565" bt1-steps="0" bt1-passes="0" bt2-steps="0" bt2-passes="0">
    <Step x="1.8" y="133.4" bt="0" />
  </Feed>
</Ricetta>